{
  "size": 56362,
  "dataUriSize": 0,
  "rules": 636,
  "selectors": 915,
  "simplicity": 0.6950819672131148,
  "mostIdentifier": 3,
  "mostIdentifierSelector": ".lt-ie9 body > .ltie",
  "totalUniqueFontSizes": 79,
  "uniqueFontSize": [
    "0",
    "0.00063em",
    "0.00063rem",
    "0.01px",
    "0.75em",
    "0.75rem",
    "0.8125em",
    "0.8125rem",
    "0.875em",
    "0.875rem",
    "0.9375em",
    "0.9375rem",
    "1em",
    "1rem",
    "1.125em",
    "1.125rem",
    "1.25em",
    "1.25rem",
    "1.375em",
    "1.375rem",
    "1.5em",
    "1.5rem",
    "1.875em",
    "1.875rem",
    "2em",
    "2.1875em",
    "2.1875rem",
    "2.25em",
    "2.25rem",
    "2.3125em",
    "2.3125rem",
    "2.5em",
    "2.5rem",
    "2.625em",
    "2.625rem",
    "2.8125em",
    "2.8125rem",
    "2.875em",
    "2.875rem",
    "3em",
    "3rem",
    "3.125em",
    "3.125rem",
    "3.4375em",
    "3.4375rem",
    "3.75em",
    "3.75rem",
    "4.5em",
    "4.5rem",
    "6em",
    "6rem",
    "12px",
    "13px",
    "14px",
    "15px",
    "16px",
    "18px",
    "20px",
    "22px",
    "24px",
    "30px",
    "35px",
    "36px",
    "37px",
    "40px",
    "42px",
    "45px",
    "46px",
    "48px",
    "50px",
    "55px",
    "60px",
    "65%",
    "72px",
    "75%",
    "80%",
    "85%",
    "96px",
    "100%"
  ],
  "totalUniqueColors": 12,
  "uniqueColor": [
    "#000000",
    "#222222",
    "#334455",
    "#444444",
    "#666666",
    "#74BADD",
    "#999999",
    "#DD0055",
    "#DDDDDD",
    "#FFFFFF",
    "BLACK",
    "WHITE"
  ],
  "idSelectors": 0,
  "universalSelectors": 85,
  "unqualifiedAttributeSelectors": 42,
  "importantKeywords": 27,
  "mediaQueries": 66
}